@AnderRodry la prueba que tienes es demasiado grande? recuerda que si llego a ti es por que puedes con ella,17000,4,1280000
@AnderRodry quien me llama estoy acaaaaaaaaaaaaaaa,17000,4,1280000
Registra tu nueva cámara SONY y obtén un 20 % de descuento en accesorios en Sony Store Online  - Haz clic aquí ahora http://bit.ly/1AxUsiS,7676,156,1816
Nuestra nueva barra de sonido curva y tu TV #curvo #UHD se complementan a la perfección,103000,528,15200
¿Buscas un vehículo nuevo? Tenemos una oferta comercial personalizada para ti ,32400,597,5497
#EsTípico que te pidan el ticket cuando Papá Noel se equivoca. Ahorra malos tragos y regala Motorola! ,19400,524,1717
"El iPhone 6 demuestra su popularidad es lo más buscado del año en Google en la electrónica de consumo ",6388,3586,3157
Regalale esta chuche a tu chica y verás lo que es acertar con un regalo. ,83700,640,26200
Disfruta del descuento de 10 € en tus entradas del Azkena Rock Festival hasta el 18 de diciembre. Solo para clientes,1425,72,1722
"Descubre las #ofertas de Ventas Flash en muebles de baño hasta un 67 % de descuento",32800,66,3849
Consejos IKEA: Con un pequeño armario extraíble al lado de tus fogones lo tendrás todo a mano.,76300,179,5560
¡Buenos días! ¿Un libro y un café para comenzar el día? ¿Cuál tenéis entre manos?,61400,36100,19900
#Feve te lleva a lugares de leyenda y parajes con encanto ,56400,401,27400
¿Ya eres socio de #EROSKIclub? Aprovecha tus descuentos navideños ¡Feliz ahorro!,22600,2928,11200
¿Todavía no tienes tu cupón descuento? Obtén un 15 % de descuento en la compra de 4 productos Deluxe ,21900,14,2767
"Para ellos ellas y los más peques todos los regalos que buscas esta #Navidad. http://bit.ly/1C9G7v9  ",60200,21,13800
Financia tus compras sin intereses en nuestros hipermercados porque para Carrefour #todocuenta http://bit.ly/162fzyz  ,82900,1109,19400
Si eres de l@s que buscan una explosión de sabor pero sin perder los beneficios del agua ¡Pásate a Font Vella Levité! ,1300,366,1734
"Decora tu #MomentoNespresso esta #Navidad con nuestros accesorios modernos y elegantes.",27800,580,2190
El Nuevo Fiat 500X está nominado como ‘El Coche más bonito de 2014’. Vótalo y ganemos este premio juntos! Vota aquí: http://ow.ly/GkM6R,29400,2437,9786
¡Disfruta el triple con Telepizza! Si haces un pedido online tienes tres pizzas medianas por sólo 7 euros cada una ,53400,30700,22600
Más de 2000 restaurantes con ofertas de hasta el 50 % dto,32900,5883,7492
"Si tienes moto también te gustará tener descuento en su seguro. Con nosotros 3 meses gratis ",5719,1423,2838
"Estrena iPhone 32 GB con Tarifa Plana 180 min + 1GB por sólo 30.6 € /mes. ¡Sólo online! ",3755,3693,14600
¿Tienes un #Negocio? @INGDIRECT ya tiene disponibles las remesas B2B. Te lo contamos con detalle en #EnNaranja: http://ingd.es/1C6fhkB,19900,1666,16500
Salir a entrenar temprano en invierno cuesta menos con motivación extra #micoach #fitSmart ,737000,187,4733
"Si tienes un Opel en diciembre pide un deseo y hazlo realidad con los 4.000  € que sortea myOpel.es ",17400,646,4010
"Hoy y hasta el 6 de enero .....¡Rebajas en Textil!. ",29400,941,6073
"La mejor moda joven y las últimas tendencias con un 30 % de dto",140000,981,9215
Chicas!! Últimas unidades del vestido que tanto os ha gustado!!  corred que vuelan #laruedelaboutique,146,469,291
La magia del otoño te espera en el Valle de Ambroz. Prueba a conocerlo con esta ruta,17300,9911,8486
Vístete de la forma más tribal y saca tu lado más urbano con la Colección Tribal de #Viceroy #fashion #jewels ,3806,341,891
"Deja las prisas para el lunes: hoy toca relajarse con una copa de Cordón Ros Carta Nevada o Cordón Negro ",11100,5748,2254
"¡Esta #Navidad os presentamos una propuesta para vestir vuestros platos de la forma más original! MiniTostas ""Formas",11400,2373,4723
Adquiere tu tarjeta virtual y empieza a comprar por internet de la forma más cómoda y segura ,10800,61,12000
Relájate en las mejores manos con nuestra oferta más solicitada: 2x1 masaje relax de 35 por 25 € ,117,644,23
"3 o 5 sesiones de masaje fisioterapéutico con electroterapia desde 44.90  €  aprovecha el 72 % de descuento ",1662,2001,2241
"Descuento del 48 %: Menú con entrecot con entrantes postre casero y bebida en el restaurante Zugasti",5440,2054,1226
Adquiere por $ 89.900 en nuestras tiendas y en las de @CasaCardenal la camiseta oficial 2014 de @SantaFe ,29800,180,4393
"Conoce la HP Stream 7 con Intel Inside ® y trabaja desde #Milugarfavorito : Adquiere la tuya en http://hp.com.mx/stream7 ",46600,1045,8986
"En la compra de cualquier prenda de la marca Wilson la segunda va al 50 % *Válido del 5 al 11 de enero. ",209000,3809,23000
Hasta un 20  % de descuento en los vuelos a #Londres con @easyJet. Compra hasta el lunes y consigue volar desde 39 € . http://buff.ly/1I93yoM,2428,384,4374
Descubre cada semana productos de calidad hechos por diseñadores y artesanos. https://cards.twitter.com/cards/18ce53w61xs/90hu …,138,152,79
"Calvin Klein desde sólo 3.50 € / ud. con envío incluido!! +Info por correo MD o WhatsApp (pedir por privado). Saludos!! ",9575,10500,85
¿Te imaginas qué gozada envolver tu ropa de las rebajas con ese maravilloso aroma?,187,1536,2855
Las #adidasOriginals #Superstar 80s 'Vintage Deluxe' pack ya están disponibles en tiendas y online. ,742000,187,4764